model,MAE,RMSE
Neural Network,102.32965087890625,279.00315018382855
Random Forest,15.239415602443087,47.04940986615529
